annee;code_departement;departement;pbs;sau;bio;vignes;glyphosate
2020;01;Ain;448137;244789;8,7;0,3;65362.63626
2020;02;Aisne;1157831;493924;2,2;0,6;151136.79215
2020;03;Allier;527521;479399;5;0,1;70986.68271
2020;04;Alpes de Haute Provence;255393;158952;31;0,5;15083.165
2020;05;Hautes Alpes;156001;91978;46;0,2;4641.4
2020;06;Alpes Maritimes;66974;41147;23,1;0,5;6050.52494
2020;07;Ardeche;312347;122130;25,7;8,8;32525.42799
2020;08;Ardennes;473151;305027;6,7;0;67059.70553
2020;09;Ariege;134346;134960;29,6;0,1;20202.943552
2020;10;Aube;1141977;374692;5;1,9;146004.37092
2020;11;Aude;566962;215568;29,3;29,5;154869.81891
2020;12;Aveyron;695968;508961;14,8;0,1;35564.6717
2020;13;Bouches du Rhone;743639;145717;41,9;8,2;85001.57798
2020;14;Calvados;693658;372947;9,4;0;101424.7745
2020;15;Cantal;385287;341060;7,3;0;11982.8877
2020;16;Charente;1024287;356678;7,5;12,7;233923.2682
2020;17;Charente Maritime;1134148;425266;5,1;10,9;347598.171904
2020;18;Cher;552963;429114;6,3;1;169359.9654
2020;19;Correze;294172;227249;6,9;0,1;14215.805
2020;21;Cote d Or;940559;462012;12,6;2,2;136543.80878
2020;22;Cotes d Armor;2187046;433341;9,9;0;80977.79256
2020;23;Creuse;323043;316541;6,5;0;28060.15
2020;24;Dordogne;788213;296384;14,5;3,9;89908.389
2020;25;Doubs;401916;221830;7,1;;16501.52503
2020;26;Drome;829916;193965;32,8;8,8;80915.9735
2020;27;Eure;708406;369880;3,4;;163364.985
2020;28;Eure et Loir;661082;446393;2,9;0;144757.85416
2020;29;Finistere;2185753;382579;10,1;0;92748.9518
2020;2A;Corse du Sud;75842;63009;27,9;1,7;1295.208
2020;2B;Haute Corse;258787;104084;20,9;5,5;21838.5028
2020;30;Gard;699660;162103;30,1;33,7;127321.41586
2020;31;Haute Garonne;357221;328002;15,5;0,4;145920.726748
2020;32;Gers;714663;448506;26,5;4,8;211612.43489
2020;33;Gironde;2245473;233396;17,7;50,1;218375.56055
2020;34;Herault;670948;175786;22,7;44,7;183871.81424
2020;35;Ille et Vilaine;1533633;440452;10,8;0;65910.472
2020;36;Indre;468544;446662;5,2;0,1;178076.49605
2020;37;Indre et Loire;669011;329496;6,6;3;210385.2695
2020;38;Isere;429438;240340;14,2;0,2;50607.61152
2020;39;Jura;341410;193016;13,8;1,1;31320.393
2020;40;Landes;827188;210459;7,3;0,9;87335.01078
2020;41;Loir et Cher;559307;284438;4,4;2,4;126395.245
2020;42;Loire;394428;231562;11,7;0,4;18160.13549
2020;43;Haute Loire;306458;231152;13,8;0;17733.992
2020;44;Loire Atlantique;1205794;408687;21,5;2,5;93778.05157
2020;45;Loiret;557888;348543;3,6;0;142077.5284
2020;46;Lot;356290;218225;12,8;2,3;34566.368655
2020;47;Lot et Garonne;991625;280104;13,9;2,4;190994.68333
2020;48;Lozere;150689;240025;20,2;0;4980.0575
2020;49;Maine et Loire;1560882;451578;13,2;4,5;148959.7282
2020;50;Manche;1213290;420872;9,1;0;55170.92127
2020;51;Marne;2685717;557179;3;4,4;231228.900512
2020;52;Haute Marne;386484;314930;9,6;0;104910.10714
2020;53;Mayenne;1082305;385837;8,7;;71793.13826
2020;54;Meurthe et Moselle;361389;272085;11,2;0;83601.68834
2020;55;Meuse;432863;330280;6,6;0;102131.51821
2020;56;Morbihan;1574809;367887;10,6;0;87080.73194
2020;57;Moselle;403524;319364;10;0;74383.21323
2020;58;Nievre;430550;367825;7,7;0,5;66419.71334
2020;59;Nord;1356217;351647;4,5;0;86574.56254
2020;60;Oise;655714;365549;4,2;0;141218.254818
2020;61;Orne;700106;397917;9;;82899.091364
2020;62;Pas de Calais;1396481;457916;2;0;140543.53854
2020;63;Puy de Dome;441337;385639;7,2;0,1;68834.69845
2020;64;Pyrenees Atlantiques;752567;322734;5,5;0,9;76866.61225
2020;65;Hautes Pyrenees;214264;126522;8,7;0,4;24247.921
2020;66;Pyrenees Orientales;373826;68024;39,4;29,2;45374.4141
2020;67;Bas Rhin;695439;196218;12;3,4;38028.77235
2020;68;Haut Rhin;536293;135444;10,1;6,7;26528.11831
2020;69;Rhone;533143;136950;14,8;11,5;71106.6117
2020;70;Haute Saone;331028;235318;14,6;0,1;44290.3748
2020;71;Saone et Loire;1244392;512686;4,5;2,7;101448.217836
2020;72;Sarthe;924043;366356;6,3;;105610.3293
2020;73;Savoie;172474;128018;5;1,5;9772.05336
2020;74;Haute Savoie;215752;125392;6,8;0,2;8011.12144
2020;75;Paris;254;1;nd;0;6298.57136
2020;76;Seine Maritime;984592;391261;2,8;0;171830.7034
2020;77;Seine et Marne;502248;334609;5,6;0;150420.993784
2020;78;Yvelines;137448;89290;10,4;0;31585.18748
2020;79;Deux Sevres;905297;445787;9,8;0,2;133954.65298
2020;80;Somme;1101834;459584;1,9;0;170557.3064
2020;81;Tarn;451974;296909;11,4;2,4;89304.2088
2020;82;Tarn et Garonne;518664;207645;13;1,3;125393.637
2020;83;Var;512108;77785;39,5;39,1;48046.3558
2020;84;Vaucluse;1052872;112889;30,5;44,4;97519.20094
2020;85;Vendee;1378468;466885;11,7;0,3;161398.39744
2020;86;Vienne;597603;471022;9,8;0,3;208828.0099
2020;87;Haute Vienne;339720;286004;10,7;0;26230.485
2020;88;Vosges;325463;219504;12,9;0;20589.998
2020;89;Yonne;851770;416093;13,9;2;151028.591
2020;90;Territoire de Belfort;30545;19689;6,6;;3339.77
2020;91;Essonne;128787;83078;13,9;;34176.2029
2020;92;Hauts de Seine;103;5;100;0;3062.74316
2020;93;Seine Saint Denis;1040;526;12;;749.7168
2020;94;Val de Marne;9688;1039;7;;1183.84479
2020;95;Val d Oise;92768;55481;1,7;;28901.4969
2020;971;Guadeloupe;162812;31836;4,8;;1.305
2020;972;Martinique;190207;21895;3,4;0;28.8
2020;973;Guyane;209777;36244;13,5;0;21.6
2020;974;La Reunion;372902;38773;5,2;;0
2020;976;Mayotte;85719;5960;0,6;0;0
